$\alpha/°$,$\beta/°$,$\mu_1/°$,$\Delta\mu_1/°$,$\mu_2/°$,$\Delta\mu_2/°$,\delta\beta/°,\Delta\delta\beta/°
13.8,53.80000000000001,0.6007035621654909,0.009922226366713475,0.6007128167520094,0.0101246089376572,9.254586518459007e-06,0.014175975529493274
18.2,58.19999999999999,-0.030729605114633952,0.00026000306350190775,0.0012170577477521706,5.379867592391056e-05,0.03194666286238612,0.0002655106223139538
37.0,77.0,-0.1113159343410795,7.206924551188611e-05,-0.007795477471305216,2.0224869095607826e-05,0.10352045686977429,7.485333311608101e-05
