$\alpha/°$,$\beta/°$,$\mu_1/°$,$\Delta\mu_1/°$,$\mu_2/°$,$\Delta\mu_2/°$,\delta\beta/°,\Delta\delta\beta/°
13.8,53.80000000000001,0.6007035776733144,0.013279865478026322,0.6007149933094017,0.013558374175575023,1.1415636087308556e-05,0.01897852305632277
18.2,58.19999999999999,-0.030729605114569854,0.00026000306378478846,0.0012170577349966461,5.379867415490463e-05,0.0319466628495665,0.0002655106222325246
37.0,77.0,-0.11131593434155504,7.206924535352956e-05,-0.007795477491024423,2.022486917643897e-05,0.10352045685053061,7.485333298545438e-05
