$m$,$\lambda/\si{\nm}$,$\Delta\lambda/\si{\nm}$,$\delta\lambda/\si{\nm}$,$\Delta\delta\lambda/\si{\nm}$
5,430.6672407015715,5.2552347745812185,0.08109549783484035,0.11469277547927222
0,431.7893947142728,5.252630230649898,0.08090198679365293,0.1144191372819672
4,478.7530763042269,5.136230803526569,0.14471158986661878,0.10235770494875762
3,649.2733886278088,4.576183588756539,0.21621469482001973,0.044779448803225076
