$m$,$\lambda/\si{\nm}$,$\Delta\lambda/\si{\nm}$,$\delta\lambda/\si{\nm}$,$\Delta\delta\lambda/\si{\nm}$
5,233.79535809821326,245.44490861206847,-0.004396427316049961,0.0010934420078973297
4,163.39134550457442,200.2111504672378,-1.0714466576640045,7.965112555913169
3,148.40657387162054,191.61507509919397,-1.336789450013086,25.881775421159137
