$m$,$\lambda/\si{\nm}$,$\Delta\lambda/\si{\nm}$,$\delta\lambda/\si{\nm}$,$\Delta\delta\lambda/\si{\nm}$
5,430.6672407015715,5.2552347745812185,0.0,0.0
4,478.7530763042269,5.136230803526569,0.12103122812108294,0.002339443525716886
3,649.2733886278088,4.576183588756539,0.16742178553819737,0.007630578349398024
