$m$,$\lambda/\si{\nm}$,$\Delta\lambda/\si{\nm}$,$\delta\lambda/\si{\nm}$,$\Delta\delta\lambda/\si{\nm}$
5,430.6672407015715,5.2552347745812185,0.08109549783484035,0.0012137582038694579
0,431.7893947142728,5.252630230649898,0.08090198679365293,0.0012149247008656108
4,478.7530763042269,5.136230803526569,0.14471158986661878,0.0025253992782720597
3,649.2733886278088,4.576183588756539,0.21621469482001973,0.009853171258568817
